ID,Strain,Strain_technical,W_anc1.0,W_anc.own,W_anc3B,W_anc.other,abs_W_per_gen,abs_W_per_day,W,History,dNdS_gdtools
mm1,Non-minimal,syn1.0,1.097961341,1.097961341,2.291313437,2.291313437,4.91E-05,3.27E-04,,,1.397494055
mm3,Non-minimal,syn1.0,1.428011332,1.428011332,2.980088125,2.980088125,0.00021474,0.001426704,,,0.550259453
mm4,Non-minimal,syn1.0,1.509297996,1.509297996,3.149723629,3.149723629,0.000255523,0.00169766,,,0.655073277
mm6,Non-minimal,syn1.0,1.258975605,1.258975605,2.627330867,2.627330867,0.000129932,0.000863252,,,1.572180719
mm9,Minimal,syn3B,0.971022482,2.026407287,2.026407287,0.971022482,0.000246763,0.001639461,,,0.930108937
mm10,Minimal,syn3B,0.806202409,1.682447591,1.682447591,0.806202409,0.00016407,0.00109006,,,1.727352119
mm11,Minimal,syn3B,0.800146358,1.669809341,1.669809341,0.800146358,0.000161032,0.001069874,,,1.062982953
mm13,Minimal,syn3B,0.794215732,1.657432837,1.657432837,0.794215732,0.000158057,0.001050105,,,3.188963191
