nonessential,essential,nonessential.corrected
8.137,11.516,9.832208333
17.309,16.592,20.91504167
11.07,10.669,13.37625
7.676,10.734,9.275166667