mut,strain,prop,count
A:T to C:G,3B,0.013435701,7
A:T to G:C,3B,0.015355086,8
A:T to T:A,3B,0.038387716,20
C:G to G:C,3B,0.009596929,5
C:G to T:A,3B,0.654510557,341
C:G to A:T,3B,0.268714012,140
A:T to C:G,s1,0.011049724,20
A:T to G:C,s1,0.072375691,131
A:T to T:A,s1,0.037569061,68
C:G to G:C,s1,0.10441989,189
C:G to T:A,s1,0.419337017,759
C:G to A:T,s1,0.355248619,643
