ID,Strain,W_anc1.0,W_anc.own,W_anc3B,W_anc.other,abs_W_per_gen,abs_W_per_day,W,History,dNdS_gdtools
mm2,syn1.0,1.27049274,1.27049274,2.900013468,2.900013468,1.36E-04,9.02E-04,,,0.65507383
mm3,syn1.0,1.428011332,1.428011332,2.980088125,2.980088125,0.00021474,0.001426704,,,2.096240836
mm4,syn1.0,1.509297996,1.509297996,3.149723629,3.149723629,0.000255523,0.00169766,,,1.310149262
mm6,syn1.0,1.258975605,1.258975605,2.627330867,2.627330867,0.000129932,0.000863252,,,2.620302725
mm9,syn3B,0.971022482,2.026407287,2.026407287,0.971022482,0.000246763,0.001639461,,,0.974400297
mm10,syn3B,0.806202409,1.682447591,1.682447591,0.806202409,0.00016407,0.00109006,,,2.657466049
mm11,syn3B,0.800146358,1.669809341,1.669809341,0.800146358,0.000161032,0.001069874,,,1.727352119
mm13,syn3B,0.794215732,1.657432837,1.657432837,0.794215732,0.000158057,0.001050105,,,2.657466049
