Wildtype,Minimal
1.397494055,0.930108937
0.550259453,1.727352119
0.655073277,1.062982953
1.572180719,3.188963191
