mut,strain,prop,count
A:T to C:G,3B,0.023255814,1
A:T to G:C,3B,0,0
A:T to T:A,3B,0.11627907,5
C:G to G:C,3B,0.069767442,3
C:G to T:A,3B,0.488372093,21
C:G to A:T,3B,0.302325581,13
A:T to C:G,s1,0.024390244,1
A:T to G:C,s1,0.195121951,8
A:T to T:A,s1,0.170731707,7
C:G to G:C,s1,0.048780488,2
C:G to T:A,s1,0.43902439,18
C:G to A:T,s1,0.12195122,5
